{
  "@context": "https://schema.org",
  "@graph": [
    {
      "type": "SoftwareSourceCode",
      "author": {
        "id": "https://orcid.org/0000-0001-6690-5345"
      },
      "codeRepository": "https://github.com/e-kotov/rJavaEnv",
      "contributor": [
        {
          "id": "https://orcid.org/0000-0003-1017-7574",
          "type": "Person",
          "email": "mavargas11@uc.cl",
          "familyName": "Vargas",
          "givenName": "Mauricio"
        },
        {
          "type": "Person",
          "email": "hadley@posit.co",
          "familyName": "Wickham",
          "givenName": "Hadley"
        }
      ],
      "copyrightHolder": {
        "id": "https://orcid.org/0000-0001-6690-5345",
        "type": "Person",
        "email": "kotov.egor@gmail.com",
        "familyName": "Kotov",
        "givenName": "Egor"
      },
      "description": "Quickly install 'Java Development Kit (JDK)' without administrative privileges and set environment variables in current R session or project to solve common issues with 'Java' environment management in 'R'. Recommended to users of 'Java'/'rJava'-dependent 'R' packages such as 'r5r', 'opentripplanner', 'xlsx', 'openNLP', 'rWeka', 'RJDBC', 'tabulapdf', and many more. 'rJavaEnv' prevents common problems like 'Java' not found, 'Java' version conflicts, missing 'Java' installations, and the inability to install 'Java' due to lack of administrative privileges. 'rJavaEnv' automates the download, installation, and setup of the 'Java' on a per-project basis by setting the relevant 'JAVA_HOME' in the current 'R' session or the current working directory (via '.Rprofile', with the user's consent). Similar to what 'renv' does for 'R' packages, 'rJavaEnv' allows different 'Java' versions to be used across different projects, but can also be configured to allow multiple versions within the same project (e.g. with the help of 'targets' package). Note: there are a few extra steps for 'Linux' users, who don't have any 'Java' previously installed in their system, and who prefer package installation from source, rather then installing binaries from 'Posit Package Manager'. See documentation for details.",
      "license": "https://spdx.org/licenses/MIT",
      "name": "rJavaEnv: 'Java' Environments for R Projects",
      "programmingLanguage": {
        "type": "ComputerLanguage",
        "name": "R",
        "url": "https://r-project.org"
      },
      "provider": {
        "id": "https://cran.r-project.org",
        "type": "Organization",
        "name": "Comprehensive R Archive Network (CRAN)",
        "url": "https://cran.r-project.org"
      },
      "runtimePlatform": "R version 4.4.1 (2024-06-14)",
      "version": "0.2.2"
    },
    {
      "id": "https://doi.org/10.32614/CRAN.package.rJavaEnv",
      "type": "SoftwareSourceCode",
      "author": {
        "id": "https://orcid.org/0000-0001-6690-5345",
        "type": "Person",
        "email": "kotov.egor@gmail.com",
        "familyName": "Kotov",
        "givenName": "Egor"
      },
      "name": "rJavaEnv: Java Environments for R Projects"
    }
  ]
}
